[
    {
      "name": "Ajax (NED)",
      "href": "/Ajax.html",
      "imgSrc": "public/images/Ajax.png"
    },
    {
      "name": "Arsenal (ENG)",
      "href": "/Arsenal.html",
      "imgSrc": "public/images/Arsenal.png"
    },
    {
      "name": "Atalanta (ITA)",
      "href": "/Atalanta.html",
      "imgSrc": "public/images/Atalanta.png"
    },
    {
      "name": "Athletic Bilbao (ESP)",
      "href": "/AthleticBilbao.html",
      "imgSrc": "public/images/AthleticBilbao.png"
    },
    {
      "name": "Atletico Madrid (ESP)",
      "href": "/Atletico.html",
      "imgSrc": "public/images/Atletico.png"
    },
    {
      "name": "Dortmund (GER)",
      "href": "/Dortmund.html",
      "imgSrc": "public/images/Dortmund.png"
    },
    {
      "name": "Barcelona (ESP)",
      "href": "/Barcelona.html",
      "imgSrc": "public/images/Barcelona.png"
    },
    {
      "name": "Bayern Munich (GER)",
      "href": "/Bayern.html",
      "imgSrc": "public/images/Bayern.png"
    },
    {
      "name": "Benfica (POR)",
      "href": "/Benfica.html",
      "imgSrc": "public/images/Benfica.png"
    },
    {
      "name": "BodoGlimt (NOR)",
      "href": "/Bodo.html",
      "imgSrc": "public/images/BodoGlimt.png"
    },
    {
      "name": "Chelsea (ENG)",
      "href": "/Chelsea.html",
      "imgSrc": "public/images/Chelsea.png"
    },
    {
      "name": "Club Brugge (BEL)",
      "href": "/ClubBrugge.html",
      "imgSrc": "public/images/ClubBrugge.png"
    },
    {
      "name": "Copenhagen (DEN)",
      "href": "/Copenhagen.html",
      "imgSrc": "public/images/Copenhagen.png"
    },
    {
      "name": "Dortmund (GER)",
      "href": "/Dortmund.html",
      "imgSrc": "public/images/Dortmund.png"
    },
    {
      "name": "Galatasaray (TUR)",
      "href": "/Galatasaray.html",
      "imgSrc": "public/images/Galataray.png"
    },
    {
      "name": "Inter Milan (ITA)",
      "href": "/InterMilan.html",
      "imgSrc": "public/images/InterMilan.png"
    },
    {
      "name": "Juventus (ITA)",
      "href": "/Juventus.html",
      "imgSrc": "public/images/Juventus.png"
    },
    {
      "name": "Kairat Almaty (KAZ)",
      "href": "/Kairat.html",
      "imgSrc": "public/images/Kairat.png"
    },
    {
      "name": "Liverpool (ENG)",
      "href": "/Liverpool.html",
      "imgSrc": "public/images/Liverpool.png"
    },
    {
      "name": "Manchester City (ENG)",
      "href": "/ManCity.html",
      "imgSrc": "public/images/ManCity.png"
    },
    {
      "name": "Marseille (FRA)",
      "href": "/Marseille.html",
      "imgSrc": "public/images/Marseille.png"
    },
    {
      "name": "Monaco (FRA)",
      "href": "/Monaco.html",
      "imgSrc": "public/images/Monaco.png"
    },
    {
      "name": "Napoli (ITA)",
      "href": "/Napoli.html",
      "imgSrc": "public/images/Napoli.png"
    },
    {
      "name": "Olympiakos (GRE)",
      "href": "/Olympiacos.html",
      "imgSrc": "public/images/Olympiacos.png"
    },
    {
      "name": "Pafos (CYP)",
      "href": "/Pafos.html",
      "imgSrc": "public/images/Pafos.png"
    },
    {
      "name": "PSG (FRA)",
      "href": "/Paris.html",
      "imgSrc": "public/images/Paris.png"
    },
    {
      "name": "Qarabag (Aze)",
      "href": "/Qarabag.html",
      "imgSrc": "public/images/Qarabag.png"
    },
    {
      "name": "Real Madrid (ESP)",
      "href": "/RealMadrid.html",
      "imgSrc": "public/images/RealMadrid.png"
    },
    {
      "name": "Slavia Praha (CZE)",
      "href": "/Slavia.html",
      "imgSrc": "public/images/SlaviaPraha.png"
    },
    {
      "name": "Sporting CP(POR)",
      "href": "/Sporting.html",
      "imgSrc": "public/images/Sporting.png"
    },
    {
      "name": "Tottenham (ENG)",
      "href": "/Tottenham.html",
      "imgSrc": "public/images/Tottenham.png"
    },
    {
      "name": "Union SG (BEL)",
      "href": "/Union.html",
      "imgSrc": "public/images/Union SG.png"
    },
    {
      "name": "Villareal (ESP)",
      "href": "/Villareal.html",
      "imgSrc": "public/images/Villareal.png"
    }

  ]
  